boursier_income,question_lab,value,n_unweighted,n_weighted,pct_unweighted,pct_weighted,se,ci_lower,ci_upper
High-income,"Generally speaking, to what extent would you agree with the following statement? 'I have enough money to meet my monthly needs.'",TRUE,275,14033.6909593331,0.82089552238806,0.820376694122614,0.0231222886340741,0.775057008399829,0.865696379845399
Need-based grant recipient,To what extent would you say you are currently experiencing financial difficulties?,TRUE,281,13023.1090786579,0.365409622886866,0.377816088541163,0.0287265566116704,0.32151203758229,0.434120139500037
Need-based grant recipient,"Regarding your paid work, to what extent do the following statements apply to your situation? It is essential for my livelihood",TRUE,75,3356.4628921083,0.454545454545455,0.491203755010188,0.0574959574576069,0.378511678393278,0.603895831627097
Need-based grant recipient,"Regarding your paid work, would you say it is a source of stress or nervous tension?",TRUE,46,2475.0795115788,0.278787878787879,0.362217128303369,0.066113406755368,0.232634851062848,0.49179940554389
Need-based grant recipient,"Generally speaking, to what extent would you agree with the following statement? 'I have enough money to meet my monthly needs.'",TRUE,474,21357.6302252026,0.616384915474642,0.619610590947008,0.0223349337286316,0.575834120838891,0.663387061055126
High-income,To what extent would you say you are currently experiencing financial difficulties?,TRUE,47,2364.3541484842,0.140298507462687,0.13821460410446,0.0506583962641109,0.0389241474268023,0.237505060782117
High-income,"Regarding your paid work, to what extent do the following statements apply to your situation? It is essential for my livelihood",TRUE,14,984.8250147284,0.157303370786517,0.230612112985143,0.0973062251443189,0.039891911702278,0.421332314268008
High-income,"Regarding your paid work, would you say it is a source of stress or nervous tension?",TRUE,11,630.129817739,0.123595505617978,0.147554709263564,0.099233268160987,-0.0469424963319708,0.342051914859098
